fleet,hours,failed
A,55.67,1
A,49.3,1
A,28.09,1
A,5.15,1
A,49.63,1
A,47.97,1
A,63.62,1
A,95.93,1
A,127.51,1
A,27.41,1
A,-0.87,0
A,16.01,1
A,75.47,1
A,104.45,1
A,46.98,1
A,47.24,1
A,34.13,1
A,52.41,1
A,4.71,1
A,31.26,1
A,125.93,1
A,16.58,0
A,92.02,1
A,23.07,1
A,30.45,1
A,75.46,1
A,39.64,1
A,15.24,1
A,62.5,1
A,117.07,1
A,78.26,1
A,3.49,0
A,23.06,1
A,63.01,1
A,8.95,1
A,69.76,1
A,49.32,1
A,86.8,1
A,37.72,1
A,54.13,1
A,19.94,1
A,100.46,1
A,8.65,1
A,18.45,0
A,123.1,1
A,66.59,1
A,7.54,1
A,44.32,1
A,23.27,1
A,6.4,1
A,17.9,1
A,87.34,1
A,54.39,1
A,70.51,1
A,51.48,0
A,94.63,1
A,56.43,1
A,72.84,1
A,170.21,1
A,81.5,1
A,33.57,1
A,38.98,1
A,16.91,0
A,74.64,1
A,154.82,1
A,26.87,1
A,28.56,1
A,119.38,1
A,50.72,1
A,125.15,0
A,48.23,1
A,95.85,1
A,75.06,1
A,31.19,1
A,80.37,1
A,104.8,1
A,48.28,1
A,70.28,1
A,7.51,0
A,63.59,1
A,90.4,1
A,75.15,1
A,36.07,1
A,20.17,1
A,52.4,1
A,48.28,1
A,111.3,1
A,62.94,1
A,-6.66,0
A,52.22,1
A,5.71,1
A,92.05,1
A,48.46,1
A,104.64,1
A,144.37,1
A,103.92,1
A,10.47,0
A,9.13,1
A,42.97,1
A,86.06,1
A,45.77,1
A,61.28,1
A,48.43,1
A,71.87,1
A,87.58,1
A,25.33,1
A,15.95,1
A,30.6,0
A,67.26,1
A,98.94,1
A,43.19,1
A,66.73,1
A,166.35,1
A,30.23,1
A,84.41,1
A,11.27,0
B,106.46,1
B,11.88,1
B,33.14,1
B,147.22,1
B,37.11,1
B,54.46,1
B,6.3,1
B,24.79,1
B,30.41,1
B,53.4,1
B,59.74,0
B,4.72,1
B,16.31,1
B,75.02,1
B,27.85,1
B,39.21,1
B,40.86,1
B,52.84,1
B,35.34,1
B,69.56,1
B,11.86,1
B,5.36,1
B,48.77,1
B,69.51,1
B,30.38,1
B,15.49,0
B,28.44,1
B,20.12,1
B,140.78,1
B,43.68,1
B,13.88,1
B,93.1,1
B,69.35,1
B,90.43,1
B,11.7,1
B,43.69,0
B,77.1,1
B,51.88,1
B,7.62,1
B,31.08,1
B,15.21,1
B,47.63,1
B,41.57,1
B,106.85,1
B,30.28,1
B,77.4,1
B,24.58,1
B,38.48,0
B,21.54,1
B,71.56,1
B,25.96,1
B,28.12,1
B,113.04,1
B,91.98,1
B,55.38,1
B,77.52,1
B,78.92,0
B,23.09,1
B,6.79,1
B,79.66,1
B,28.34,1
B,79.05,1
B,75.76,1
B,37.28,1
B,73.32,1
B,12.74,1
B,43.01,1
B,81.79,1
B,0.01,0
B,25.89,1
B,103.32,1
B,36.92,1
B,57.01,1
B,22.22,1
B,75.87,1
B,38.66,1
B,8.42,1
B,95.26,1
B,6.86,1
B,28.56,1
B,27.2,1
B,23.11,0
B,42.58,1
B,92.37,1
B,53.12,1
B,21.26,1
B,9.84,1
B,14.51,1
B,52.05,1
B,79.78,1
B,40.72,1
B,51.33,1
B,90.27,1
B,7.73,0
